<?xml version="1.0"?>
<ns2:test-suite xmlns="" xmlns:ns2="urn:model.allure.qatools.yandex.ru" start="1574173724023" stop="1574173732433">
  <name>Demografia</name>
  <title>Demografia</title>
  <test-cases>
    <test-case start="1574173724027" stop="1574173732418" status="passed">
      <name>Buscar Demografia</name>
      <title>Buscar Demografia</title>
      <steps>
        <step start="1574173727474" stop="1574173727474" status="passed">
          <name>Dado que eu visite a wikpedia</name>
          <title>Dado que eu visite a wikpedia</title>
          <attachments/>
        </step>
        <step start="1574173727474" stop="1574173727476" status="passed">
          <name>Quando visualiso a tabela com informa&#xE7;&#xF5;es</name>
          <title>Quando visualiso a tabela com informa&#xE7;&#xF5;es</title>
          <attachments/>
        </step>
        <step start="1574173727476" stop="1574173730681" status="passed">
          <name>E clico no link</name>
          <title>E clico no link</title>
          <attachments/>
        </step>
        <step start="1574173730681" stop="1574173731818" status="passed">
          <name>Ent&#xE3;o visualizo as informa&#xE7;&#xF5;es "Distrito Federal (Brasil)"</name>
          <title>Ent&#xE3;o visualizo as informa&#xE7;&#xF5;es "Distrito Federal (Brasil)"</title>
          <attachments/>
        </step>
      </steps>
      <attachments>
        <attachment source="2d0bbf6b056f675c6ed9ed1f9929f52d11a8a19d26b774ff3ac59201726ff414-attachment.png" title="Clique aqui para ver o print da tela" size="184258" type="image/png"/>
      </attachments>
      <labels>
        <label name="severity" value="normal"/>
        <label name="thread" value="3373660"/>
        <label name="host" value="DESKTOP-O495AR8"/>
        <label name="feature" value="Demografia"/>
        <label name="story" value="Buscar Demografia"/>
      </labels>
      <parameters/>
    </test-case>
  </test-cases>
  <labels>
    <label name="severity" value="normal"/>
    <label name="thread" value="3373660"/>
    <label name="host" value="DESKTOP-O495AR8"/>
  </labels>
</ns2:test-suite>
